{"userId":"635676b39f066107c79b121d","knowledgebaseId":"635676b39f066107c79b121d","name":"Dreadwings","exportDate":"2023-02-11T15:38:02.196Z","exportVersion":1,"documentRemToExportId":"jnEfhlFjsKVKL7fdx","docs":[{"key":"collapsePluginSidebar","_id":"0jnwAW0tEdxP79SN1","o":1675166120269,"m":1672843318086,"u":1675166120269,"z":1,"owner":"browser","value":true,"value,u":1675166120269},{"key":"collapseSidebar","_id":"29PJa5R8pF9706Eu2","o":1676122008828,"m":1667365277065,"u":1676122008828,"z":1,"owner":"browser","value":false,"value,u":1676122008828},{"key":"clipboardRems","_id":"5eq3PtmW6LZCQVN7k","o":1676124969802,"m":1667366978341,"u":1676124969802,"z":1,"owner":"browser","value":null,"value,u":1676124969802},{"key":"analytics.eventLastSentRecord","_id":"6ntRZAODYuTfCQQil","o":1676123704855,"m":1672826289763,"u":1676123704855,"z":1,"owner":"browser","value":{"All Notes Opened":"2023-02-11T01:26:23.115Z","visitWebsite":"2023-02-11T01:26:23.115Z","Zoom Into Rem":"2023-02-11T05:39:31.109Z","Outliner Feature Used":"2023-02-11T05:39:31.110Z","titleDoc":"2023-02-10T13:50:02.415Z","createRem":"2023-02-11T05:39:34.405Z","createRemInMediaLesson":"2023-01-31T03:08:49.890Z","editRemText":"2023-02-11T05:39:36.100Z","createRemWithEnter":"2023-02-11T05:39:34.238Z","indentRem":"2023-02-11T11:44:44.438Z","ViewedNoFeatureAccess":"2023-02-10T13:22:19.371Z","Settings Opened":"2023-02-11T12:08:54.791Z","ViewedSubscriptionPage":"2023-02-02T23:44:23.214Z","ClickedSubscriptionPage":"2023-01-04T10:12:11.246Z","Rem Children Expanded":"2023-02-11T11:45:26.831Z","Rem Children Collapsed":"2023-02-11T11:45:26.460Z","createDocumentFromSidebar":"2023-02-10T13:41:04.980Z","Document Created":"2023-02-10T13:41:04.980Z","createDoc":"2023-02-10T13:41:05.052Z","Rem Reference Created":"2023-02-03T07:43:04.772Z","createReference":"2023-02-03T07:43:04.773Z","Slash Menu Opened":"2023-02-11T05:39:36.055Z","clickReference":"2023-02-03T07:43:09.640Z","Inline Text Highlighted":"2023-02-01T14:10:24.750Z","swapUpDownShortcut":"2023-02-11T10:41:11.818Z","flashcardsDelimiter":"2023-02-11T12:50:18.340Z","createCard.v2":"2023-02-11T12:50:18.340Z","addFolder":"2023-02-03T12:46:11.000Z","createCloze":"2023-02-11T10:37:45.327Z","clozeFlashcards":"2023-02-11T10:37:45.327Z","changeRemValue":"2023-02-11T12:51:28.816Z","makeProperty":"2023-01-31T13:34:29.700Z","Flashcard Preview Opened":"2023-02-11T12:52:21.426Z","viewCard":"2023-02-11T12:52:21.427Z","Rem Turned Into Concept":"2023-02-11T13:52:41.671Z","Rem Turned Into Basic Card":"2023-01-31T13:32:02.472Z","flashcardsPage":"2023-02-10T14:09:11.255Z","viewCardInQueue":"2023-02-10T14:09:11.255Z","openedFolderQueue":"2023-02-10T14:09:11.255Z","viewCardInQueueShowAnswer":"2023-02-03T13:05:59.651Z","flashcardRatingButtonShortcut":"2023-02-03T13:14:25.774Z","viewCardInQueueGiveFeedback.v2":"2023-02-03T13:14:25.899Z","Subscribed":"2023-01-04T14:19:52.313Z","SubscribedPaying":"2023-01-04T14:19:52.313Z","completedSubscription.v2":"2023-01-04T14:19:52.313Z","changedReferenceDocumentTitle":"2023-01-31T13:23:05.786Z","flashcardEditNowShortuct":"2023-01-31T14:36:59.940Z","togglePracticeForwardShortcut":"2023-01-31T13:31:03.406Z","Help menu Opened":"2023-01-04T15:27:50.321Z","Portal Added":"2023-01-05T00:26:02.514Z","Copy Rem As Portal":"2023-01-05T00:29:53.947Z","Sidebar Toggled":"2023-02-10T13:53:57.429Z","changeConceptRemValue":"2023-01-31T13:30:08.019Z","Unsubscribed":"2023-01-05T13:21:42.497Z","UnsubscribedPaying":"2023-01-05T13:21:42.497Z","imageOcclusion":"2023-01-31T02:39:58.869Z","openImageOcclusionEditor":"2023-01-31T02:39:58.869Z","Command Omnibar Opened":"2023-02-11T13:54:53.315Z","importedFromWorkflowy":"2023-02-03T00:22:53.624Z","addHeaderFromPlusMenu":"2023-01-31T12:30:52.604Z","editHeaderRemText":"2023-02-11T05:41:55.152Z","CreateTodo":"2023-01-31T12:31:58.294Z","addTodoFromPlusMenu":"2023-01-31T12:31:58.313Z","addTodayFromSlashMenu":"2023-01-31T12:34:04.781Z","addHighlightFromSlashMenu":"2023-01-31T12:34:22.066Z","getClozeText":"2023-01-31T12:35:35.029Z","importLinkExamples":"2023-01-31T12:36:41.083Z","viewReferencesSearchPortalContinue":"2023-01-31T13:19:03.541Z","createRemToLinkTo":"2023-01-31T13:20:03.499Z","learnedConcepts":"2023-01-31T13:23:57.117Z","Rem Turned Into Descriptor":"2023-02-11T12:53:07.593Z","togglePracticeBackwardShortcut":"2023-01-31T13:31:13.991Z","learnDelimiterChart":"2023-01-31T13:35:44.741Z","dragImageIntoEditor":"2023-01-31T13:36:57.198Z","createImageOcclusionCard":"2023-01-31T13:37:49.450Z","practicedImageOcclusionCard":"2023-01-31T13:39:26.985Z","createPDF":"2023-01-31T13:40:44.714Z","loadPDF":"2023-01-31T13:40:48.070Z","pdfAnnotation":"2023-01-31T13:41:40.254Z","openPDFHighlightNotesView":"2023-01-31T13:41:40.255Z","highlightReference":"2023-01-31T13:42:44.362Z","createPDFTextHighlight":"2023-01-31T13:42:44.413Z","createPDFQuoteReference":"2023-01-31T13:43:01.905Z","quoteRemReference":"2023-01-31T13:43:16.598Z","scrollToHighlightInPDF":"2023-01-31T13:43:16.622Z","createPDFPinReference":"2023-01-31T13:47:58.624Z","createPDFAreaHighlight":"2023-01-31T13:48:23.882Z","changePDFHighlightColor":"2023-01-31T13:48:28.120Z","indentRemUnderConcept":"2023-02-11T13:55:04.855Z","Data Exported":"2023-02-09T12:14:50.599Z","Tag Added To Rem":"2023-02-10T13:46:13.577Z","Rem Document Status Toggled":"2023-02-11T05:39:51.259Z","Document Pinned":"2023-02-08T12:01:54.321Z","Todays Document Created Or Opened":"2023-02-10T14:09:34.028Z","outdentRem":"2023-02-11T11:45:39.127Z","Search Opened":"2023-02-11T11:58:24.076Z","DragDropRem":"2023-02-11T12:50:26.741Z"},"value,u":1676123704855},{"key":"redirectOnLogin","_id":"7f7QgPjp38g5WA1Jh","o":1666610905539,"m":1666610905538,"u":1666610905539,"z":1,"owner":"browser","value":null,"value,u":1666610905539},{"key":"newDarkMode","_id":"8efTRCfYBYVRDrSVQ","o":1666610663980,"m":1666610663980,"u":1666610663980,"z":1,"owner":"browser","value":"system","value,u":1666610663980},{"key":"lastCheckedPluginsForUpdate","_id":"I0UQV3YUJ3bPqYdmr","o":1676115304606,"m":1666610659319,"u":1676115304606,"z":1,"owner":"browser","value":1676115304606,"value,u":1676115304606},{"key":"lastShownTooltip","_id":"JMQyAdrbLqdwGrkJe","o":1667361717290,"m":1666611255094,"u":1667361717290,"z":1,"owner":"browser","value":null,"value,u":1667361717290},{"key":"showKeyboardShortcuts","_id":"JzozMmhXnhNaonzYE","o":1668517414360,"m":1668517414360,"u":1668517414360,"z":1,"owner":"browser","value":false,"value,u":1668517414360},{"key":"cramQueue.finishedCards.hAs7vNpf41KwfTyJw","_id":"K4mimUsk29AM4Ywi1","o":1667372180389,"m":1667372064443,"u":1667372180389,"z":1,"owner":"browser","value":[null,null,"Yk3pIREP3uxgT6SPR","tM4rQ0LeMdE85O1qY"],"value,u":1667372180389},{"key":"timeFinishedTour","_id":"MervK3HEucx7zVZq7","o":1666611253247,"m":1666611253246,"u":1666611253247,"z":1,"owner":"browser","value":"2022-10-24T11:34:13.192Z","value,u":1666611253247},{"key":"finishedTransitionFromGuestMode","_id":"OVYcEn9Pd0Bu6scAe","o":1666610908650,"m":1666610908648,"u":1666610908650,"z":1,"owner":"browser","value":true,"value,u":1666610908650},{"key":"cramQueue.finishedCards.1tb0yMNFbEcE4P6MQ","_id":"SYTHbFXQFcIYGa0FY","o":1675172362731,"m":1675172362731,"u":1675172362731,"z":1,"owner":"browser","value":["CSn4IlVNGHJ7zs8cG"],"value,u":1675172362731},{"key":"previousZoomFactor","_id":"TLe8mGgHpMS1RXR1e","o":1675867047387,"m":1667364087362,"u":1675867047387,"z":1,"owner":"browser","value":1.0954451150103321,"value,u":1675867047387},{"key":"deviceId","_id":"TUBgwAekcHINccX9D","o":1666610905535,"m":1666610905533,"u":1666610905535,"z":1,"owner":"browser","value":"7198682665489959","value,u":1666610905535},{"key":"cramQueue.finishedCards.1A1byeR4WGhyZ2rk7","_id":"VroYF6xEVI6a1iH6W","o":1675176768543,"m":1675176093851,"u":1675176768543,"z":1,"owner":"browser","value":[],"value,u":1675176768543},{"key":"showOnboardingPanel","_id":"WNX9lO2nKJZ5OFwuW","o":1676038335603,"m":1668517414361,"u":1676038335603,"z":1,"owner":"browser","value":false,"value,u":1676038335603},{"key":"clipboardPortalId","_id":"dJeMa85K89oc9gxyF","o":1676124969803,"m":1667366978341,"u":1676124969803,"z":1,"owner":"browser","value":null,"value,u":1676124969803},{"key":"cramQueue.finishedCards.x8XIZlmiea75lAhLd","_id":"gT2U0gFvYW3zLs3hr","o":1675175935900,"m":1675175798633,"u":1675175935900,"z":1,"owner":"browser","value":["7wFviNro5eMRGoz1g",null,"vF7RMHNWP5vQpVUs3","PhXk7QT2D8ghZBn1N","dmNIS46a6kAKXrTTy",null,"HfSxCWvBBicxpr96D","9LgyHiBEnBx6uSABl"],"value,u":1675175935900},{"key":"cramQueue.finishedCards.Ch91nN0LpFAkkJMO2","_id":"ipqpz5HIJ3orxzsU8","o":1672844993888,"m":1672843519229,"u":1672844993888,"z":1,"owner":"browser","value":[],"value,u":1672844993888},{"key":"cramQueue.finishedCards.D7ax5c9wVSqh32uBC","_id":"kJaSeLV3WzM0v4bAp","o":1672841688853,"m":1672841644013,"u":1672841688853,"z":1,"owner":"browser","value":[],"value,u":1672841688853},{"key":"sidebarWidth","_id":"m0F4jVMAor9rF1qv6","o":1675435687404,"m":1675167256265,"u":1675435687404,"z":1,"owner":"browser","value":389,"value,u":1675435687404},{"key":"activeLessonIdentifier","_id":"pEVQHXwBZbayjxUyI","o":1676078783123,"m":1670315427630,"u":1676078783123,"z":1,"owner":"browser","value":null,"value,u":1676078783123},{"key":"clipboardKnowledgeBaseId","_id":"pUsMlMPXYDmENKoIY","o":1676124969803,"m":1667366978342,"u":1676124969803,"z":1,"owner":"browser","value":null,"value,u":1676124969803},{"key":"migrated1Point8ImagesAgain","_id":"wyvPxsW9MRZGMie4M","o":1666610905539,"m":1666610905539,"u":1666610905539,"z":1,"owner":"browser","value":true,"value,u":1666610905539}]}