{"version":"1.9.11","remSync":{"_id":"quanta","lastSync":1676129872592,"lastSyncPaginationId":null,"lastSyncFullBatchDoneTime":1676129872592,"lastServerTime":1676129872058,"lastServerFullBatchDoneTime":1676129872058,"lastServerPaginationId":null,"lastServerBatchFull":false},"cardSync":{"_id":"cards","lastSync":1676129872592,"lastSyncPaginationId":null,"lastSyncFullBatchDoneTime":1676129872592,"lastServerTime":1676129872058,"lastServerFullBatchDoneTime":1676129872058,"lastServerPaginationId":null,"lastServerBatchFull":false},"time":1676129882226,"date":"Sat Feb 11 2023 23:38:02 GMT+0800 (中国标准时间)","device":{"userAgent":"Mozilla/5.0 (Windows NT 10.0; Win64; x64) AppleWebKit/537.36 (KHTML, like Gecko) RemNote/1.9.11 Chrome/106.0.5249.199 Electron/21.4.1 Safari/537.36","platform":"desktop","serverType":"production","lastTime":1676129882227,"version":"1.9.11"},"user":{"_id":"635676b39f066107c79b121d","providers":["email"],"username":"Dreadwings","createdAt":"2022-10-24T11:27:47.099Z","email":"3038207237@qq.com","email_verified":false,"name":"Dreadwings","avatar":"","intercomHmacFromUserId":"b67d75ac2992bb7b3675550cf2a76a792327205d864fb25a45370ee35d9322e5","is_education_email":false,"updatedAt":null}}